Test File,Tdb_in (°C),Twb_in(°C),RH_in (%),Tdb_out(°C),Q_dot_air (CFM),delta_P_nozzle (in W.G.),P_in_nozzle (in W.G.),P_atm (psi),T_w_in (°C),P_w_in (PSIG),T_w_out (°C),dp_w (in W.G.),m_w (kg/h),T_exv_in (°C),P_exv_in (PSIG),T_evap_in(°C),T_evap_out(°C),P_evap_out (PSIG),m_r (kg/hr_),Q_a (W),Q_a_sens (W),Q_w (W),Q_r (W),air-water  (%),air-refr (%),water-refr (%),air+water - refr (%)
CH5,28.021223938223955,13.649930501930555,17.13553281853282,19.08885328185329,1692.4802107376483,0.8164903474903474,0.020232144331161057,14.376988416988416,26.84892277992276,20.187463320463323,23.344803088803133,-21.984324324324323,1773.0902162162163,26.315193050193045,270.8870115830116,13.453714285714284,16.76186486486489,149.237416988417,295.70618146718147,(7.93+/-0.23)e+03,(8.16+/-0.20)e+03,(-7.22+/-0.12)e+03,(1.552+/-0.004)e+04,12.195334351658143,-62.21735781324136,-73.02743210150847,-0.9539002430279087
