Test File,Tdb_in (°C),Twb_in(°C),RH_in (%),Tdb_out(°C),Q_dot_air (CFM),delta_P_nozzle (in W.G.),P_in_nozzle (in W.G.),P_atm (psi),T_w_in (°C),P_w_in (PSIG),T_w_out (°C),dp_w (in W.G.),m_w (kg/h),T_exv_in (°C),P_exv_in (PSIG),T_evap_in(°C),T_evap_out(°C),P_evap_out (PSIG),m_r (kg/hr_),Q_a (W),Q_a_sens (W),Q_w (W),Q_r (W),air-water  (%),air-refr (%),water-refr (%)
D13,18.52432909,9.460534545,30.46984182,22.16200364,1686.34956,0.830232727,0.020156501,14.26428182,23.86867091,20.77687636,22.26577455,-22.02938364,1765.860496,18.86219818,200.9216055,19.93858909,20.24333818,200.5725091,115.0146655,(3.07+/-0.08)e+04,(3.44+/-0.10)e+03,(-3.29+/-0.12)e+03,(7+/-4)e+01,4.3786595,191.6952576,191.3315386
D13_dummy,18.524329090909077,9.46053454545455,30.46984181818182,22.162003636363693,713.7493654047362,0.8302327272727272,0.020156500708752998,14.264281818181816,23.868670909090895,20.776876363636365,22.26577454545452,-22.029383636363637,1765.8604963636365,18.862198181818144,200.92160545454547,19.93858909090909,20.24333818181816,200.5725090909091,115.01466545454548,(1.300+/-0.033)e+04,(1.46+/-0.04)e+03,(-3.29+/-0.12)e+03,(7+/-4)e+01,-77.35429524961671,180.918530268816,191.33153858639687
